{
    "rows": 1000098,
    "columns": 44,
    "missing_values": 167076,
    "mean_loss_ratio": 0.5979664644960928,
    "writtenoff_ratio": 3.199686430729788e-05
}